archive,task_id,group,classification,archive_sha256,backup_path,source,canonical_source_sha256,test,canonical_test_sha256,testsRun,failures,errors,skipped,member_count,corrected_during_integration,integration
BIE_RE_CAUSAL_HARD_001.zip,BIE-RE-CAUSAL-HARD-001,RE_QA_HARDENING,ENTERPRISE HARDENING ADDITION,c3445cb2c0728dcb2979596b8d8b79d4b90b0db0fec0086e8aef352f9997cb3b,backups/ingested/BIE_RE_CAUSAL_HARD_001.zip,bie/reasoning/grounded_causal_graph.py,7308a09bd088995dd721c21b1abebe38ce829d1b6197b6fc953911bc5f2a8dd2,tests/reasoning/test_causal_hard_001.py,0f4ce4db1f39239bf49b85cd2419bc25bc3ba7e9a2ae5fad493c11a56e0b6852,3,0,0,0,7,False,CANONICAL_LOCAL_VERIFIED
BIE_RE_CAUSAL_HARD_002.zip,BIE-RE-CAUSAL-HARD-002,RE_QA_HARDENING,ENTERPRISE HARDENING ADDITION,fad61150ccf60fab2de4103f557f904d6e1400647cebdaaea74fda6ac9c5ac51,backups/ingested/BIE_RE_CAUSAL_HARD_002.zip,bie/reasoning/mechanism_path_reasoning.py,b7763b5e5585efdc63acd0af84f9d07ce5c86c304ec42f251ed561b7144907db,tests/reasoning/test_causal_hard_002.py,f8ee23cf5026e70ad5b1f53d174c80fac3f2e7b767fb94510844648d504ccf1c,3,0,0,0,7,False,CANONICAL_LOCAL_VERIFIED
BIE_RE_CAUSAL_HARD_003.zip,BIE-RE-CAUSAL-HARD-003,RE_QA_HARDENING,ENTERPRISE HARDENING ADDITION,bdab8e6b90b2da521ec30ca5ac292153f0cbfa5e5cf776f92335972f9f247078,backups/ingested/BIE_RE_CAUSAL_HARD_003.zip,bie/reasoning/temporal_causal_guard.py,dc6f0b925ce03eed9429890cd37a94ada76b1906194e34a0489fc4d486c09d31,tests/reasoning/test_causal_hard_003.py,9fd1ad6aba2ddc514891884d00ad4695db4b283cbf6f64f9c618d1cb1e5c14ff,4,0,0,0,7,False,CANONICAL_LOCAL_VERIFIED
BIE_RE_CAUSAL_HARD_004.zip,BIE-RE-CAUSAL-HARD-004,RE_QA_HARDENING,ENTERPRISE HARDENING ADDITION,47dc8b153300cf408cdbbcf23541a4cd63e5c97b516f4fb5dc7850868d4323e5,backups/ingested/BIE_RE_CAUSAL_HARD_004.zip,bie/reasoning/grounded_counterfactual.py,dee9252f30407c31e2715ae6353466f7ddb8a09e13606e137495705838cefd9c,tests/reasoning/test_causal_hard_004.py,05cbf1bd26c0ac317343ec9883109786bd755743d14afc5299d8d722a94925e1,4,0,0,0,7,True,CANONICAL_LOCAL_VERIFIED
BIE_RE_CROSS_HARD_001.zip,BIE-RE-CROSS-HARD-001,RE_QA_HARDENING,ENTERPRISE HARDENING ADDITION,8cf90ea64f962330126befbbf8d382a9272151a6c7cd4bbf4837f134e055acef,backups/ingested/BIE_RE_CROSS_HARD_001.zip,bie/reasoning/cross_family_arbitration.py,f3254279a9cddd3f078f1ec41f99de40d3183d094ab492295778e30b652e1c39,tests/reasoning/test_cross_hard_001.py,6cf7a04da42f3f79b69a1f0e41137ecb36fb57e1b5ae79c832ecad7803120b02,3,0,0,0,7,True,CANONICAL_LOCAL_VERIFIED
BIE_RE_E2E_HARD_001.zip,BIE-RE-E2E-HARD-001,RE_QA_HARDENING,ENTERPRISE HARDENING ADDITION,2830a2fdc356a5330fb6b1e46cfeb38ce9579319c87f2b28807b1e27f440edc8,backups/ingested/BIE_RE_E2E_HARD_001.zip,bie/reasoning/reasoning_realbook_fixture.py,9aa52051fbb562962b894ecb0e727f07df7dde1ec235086059112ff3719d2d58,tests/reasoning/test_e2e_hard_001.py,0c3b5db0a9fa767dc294d190b2efd2d08bba9e223a9e71d0e491ad0535302a2b,3,0,0,0,7,True,CANONICAL_LOCAL_VERIFIED
BIE_RE_GRAPH_HARD_001.zip,BIE-RE-GRAPH-HARD-001,RE_QA_HARDENING,ENTERPRISE HARDENING ADDITION,fa3a2e89ce6c196523e47073d13fb2f794f15fe7773e0d1572e2e9e613ce4df7,backups/ingested/BIE_RE_GRAPH_HARD_001.zip,bie/reasoning/graph_cycle_hardening.py,0b51c3120625db9a992484157f4d2733736f3822006163bd855ba8993bc22962,tests/reasoning/test_graph_hard_001.py,c678ab0b2b4315b22996ffc96d5e69f9d3dcada6b499c3d882f87c1e0d643718,3,0,0,0,7,True,CANONICAL_LOCAL_VERIFIED
BIE_RE_GRAPH_HARD_002.zip,BIE-RE-GRAPH-HARD-002,RE_QA_HARDENING,ENTERPRISE HARDENING ADDITION,16d1a91618ba44bd7fd6b3d2cb6fffb47b11a77ce52ee2d0694764673db1a0b4,backups/ingested/BIE_RE_GRAPH_HARD_002.zip,bie/reasoning/downstream_impact_paths.py,22e3a3b332983e20a77a4575a79da2705656ae18426f43ec940c24735cbdade0,tests/reasoning/test_graph_hard_002.py,c8e8c0450ab972b6b66e695111df5afab01b39dae78dc78d9e872d08b38cb2c7,3,0,0,0,7,False,CANONICAL_LOCAL_VERIFIED
BIE_RE_GRAPH_HARD_003.zip,BIE-RE-GRAPH-HARD-003,RE_QA_HARDENING,ENTERPRISE HARDENING ADDITION,c51c0f6a89c43828201e96945b984a2dc44e0b06972f578744384053e7772d2e,backups/ingested/BIE_RE_GRAPH_HARD_003.zip,bie/reasoning/transitive_invalidation.py,527464c0f513abc4f346f28976e88addb85cbb944f10fc728e36c6a1dd236ebe,tests/reasoning/test_graph_hard_003.py,87739cebbe635f25e39f36b418f9e1d04b45a5406cd83635346801c48663a426,3,0,0,0,7,False,CANONICAL_LOCAL_VERIFIED
BIE_RE_INTEGRATION_HARD_001.zip,BIE-RE-INTEGRATION-HARD-001,RE_QA_HARDENING,ENTERPRISE HARDENING ADDITION,04ebd01ed50e586128c68e0e60bcb414fca63989db804abecaae94d5925fe7e7,backups/ingested/BIE_RE_INTEGRATION_HARD_001.zip,bie/reasoning/reasoning_integration_gate.py,a3862e095d8d5d149dda8b2b97d916637d3d0152f3d29ff36464595a4b28529d,tests/reasoning/test_integration_hard_001.py,0f4ba42ae4b8b12eb6449f746451c3ed13b0a978ef873b15c5f846a3ed89727e,5,0,0,0,7,True,CANONICAL_LOCAL_VERIFIED
BIE_RE_PROV_HARD_001.zip,BIE-RE-PROV-HARD-001,RE_QA_HARDENING,ENTERPRISE HARDENING ADDITION,dd6623a4f7fb38b390333beb2dc0a4fc3758a58c7c3631bc76ced8309274d059,backups/ingested/BIE_RE_PROV_HARD_001.zip,bie/reasoning/reasoning_provenance_envelope.py,97f6f81b0d5d0546639cdf63f364a5e9db8db543dbcc0abeecec05603b9573d6,tests/reasoning/test_prov_hard_001.py,c30c9f74edbc7459b80c5c0cca03b7ffd04e8df33983fd2e718212948e5e8520,3,0,0,0,7,True,CANONICAL_LOCAL_VERIFIED
BIE_RE_QA_001.zip,BIE-RE-QA-001,RE_QA_HARDENING,ORIGINAL ROADMAP L1,e73a32a698769ed246043a2dcacb039d8f16f56a4fcb20e58ed56717160e7c49,backups/ingested/BIE_RE_QA_001.zip,bie/reasoning/rationale_evidence_consistency.py,2e37f07c0f5862dee67e38a9520335331a7a24a365304c8be633492f09f16a27,tests/reasoning/test_re_qa_001.py,bbd0c1a66bbfee06591f394c51e95f9f345fdabdfa0cdd44ab0e6b519e7f9e94,3,0,0,0,7,False,CANONICAL_LOCAL_VERIFIED
BIE_RE_QA_002.zip,BIE-RE-QA-002,RE_QA_HARDENING,ORIGINAL ROADMAP L1,c668e0943e47dd819a5d3336d721bf4b755d7001609f839e06f0ef7b81a53665,backups/ingested/BIE_RE_QA_002.zip,bie/reasoning/unsupported_reasoning_detection.py,cda7466a14be39c3981e29463f610e6abe87754f2bdac4295eb137cbf82fd20e,tests/reasoning/test_re_qa_002.py,0213755cab94f5462eb911a1ecc3b22bfd3c728e46c23e3b8cdeff6c57b57b64,4,0,0,0,7,False,CANONICAL_LOCAL_VERIFIED
BIE_RE_QA_003.zip,BIE-RE-QA-003,RE_QA_HARDENING,ORIGINAL ROADMAP L1,a1ddf054d4ce7793303f7f8ed73852a8337f86507a21f90c85cf2e2b76a68686,backups/ingested/BIE_RE_QA_003.zip,bie/reasoning/confidence_qa.py,f97b8457b35e6939c207c0e8fb47ce7f01ffd28c3a080e97bdd61061a5f2dc67,tests/reasoning/test_re_qa_003.py,866c22216f5809bd767e873dfab47383817f8fffa4abff8d81275138d5e8a04f,3,0,0,0,7,False,CANONICAL_LOCAL_VERIFIED
BIE_RE_QA_004.zip,BIE-RE-QA-004,RE_QA_HARDENING,ORIGINAL ROADMAP L1,375b267570438b5d7e1e821e312a54cb6146676e3eeae29c47908b3d573e7bd9,backups/ingested/BIE_RE_QA_004.zip,bie/reasoning/contradiction_resolution_qa.py,cfd9c5a2541b043da2c67ae0b82492ad8f842536894453a2228c443a0c35fba6,tests/reasoning/test_re_qa_004.py,20fd43b0252798b853fcce1adebc03ab847d6b1edb049302769a0d1a86117a76,3,0,0,0,7,False,CANONICAL_LOCAL_VERIFIED
BIE_RE_QA_005.zip,BIE-RE-QA-005,RE_QA_HARDENING,ORIGINAL ROADMAP L1,c3847677d4c4f6ccf1a96a61516ff9d496e29a5168c4b7b33ba277aee30faa23,backups/ingested/BIE_RE_QA_005.zip,bie/reasoning/decision_reproducibility.py,fab100c89a5e16da84236b320c9a46dab1d82f6b2f7f92bbb127d8fc89f4f40e,tests/reasoning/test_re_qa_005.py,769e18283d67831db970c28124f1d4ba233ffb444060d175f909fe87f659829d,3,0,0,0,7,False,CANONICAL_LOCAL_VERIFIED
BIE_RE_REPLAY_HARD_001.zip,BIE-RE-REPLAY-HARD-001,RE_QA_HARDENING,ENTERPRISE HARDENING ADDITION,31266a8dcafbce9e10c196db88040b7a002073273c8020d2d49b2995008e886f,backups/ingested/BIE_RE_REPLAY_HARD_001.zip,bie/reasoning/reasoning_replay_manifest.py,fb3fb9c8ca0154345d4ea09954a5936068628a16db27d07e8bedc3db6f421e9e,tests/reasoning/test_replay_hard_001.py,d9f6beb80973ac80ed6af781dd15e7084e0b9688f32d5fafd90bd0adf4b7bc15,3,0,0,0,7,False,CANONICAL_LOCAL_VERIFIED
BIE_RE_SPATIAL_HARD_001.zip,BIE-RE-SPATIAL-HARD-001,RE_QA_HARDENING,ENTERPRISE HARDENING ADDITION,2d1189bb867350d1b74f78bd91a77d8f49c6d2bbbc960786bc10424066c5d33b,backups/ingested/BIE_RE_SPATIAL_HARD_001.zip,bie/reasoning/spatial_frame_units.py,8e6f274da97123d9acb9ab0d7b7c2e32699f88c181fd3d59c01430f87e03e25a,tests/reasoning/test_spatial_hard_001.py,fe499f3b70ee291522a4bd651f5c9a4acb0138a44b18b6fa4fd122e22d6ef00a,3,0,0,0,7,True,CANONICAL_LOCAL_VERIFIED
BIE_RE_STATUS_HARD_001.zip,BIE-RE-STATUS-HARD-001,RE_QA_HARDENING,ENTERPRISE HARDENING ADDITION,7bbb0f39944217fe13331d659fe8dd3e2c46bd9910e2f6bb9ddcf554712bc9ff,backups/ingested/BIE_RE_STATUS_HARD_001.zip,bie/reasoning/reasoning_status_semantics.py,7867ba056deb6cc629e28824f9f0f5da0164eb4308d3010c6b5af6d62c964f75,tests/reasoning/test_status_hard_001.py,24d71aef1589a27b2fa7537186c31cd2efce4998c4502b5dfddf37f0ac311502,3,0,0,0,7,True,CANONICAL_LOCAL_VERIFIED
BIE_RE_TEMP_004.zip,BIE-RE-TEMP-004,TEMPORAL,GOVERNED_EXTENSION_AFTER_RE_TEMP_003,2aa29b1c1b628c4f4dc141c598b2df92237b1af37e673db0547f5773a914a2b4,backups/ingested/BIE_RE_TEMP_004.zip,bie/reasoning/temporal_interval_reasoning.py,69e397268a9f944ce3ee3a18d0ae43426790e6fe4a85cc67855a95f136fed92d,tests/reasoning/test_temporal_interval_reasoning.py,9b964f38a853d123527362b3e216c46e206516fb1ceefb37c6423d6853b8b613,5,0,0,0,6,False,CANONICAL_LOCAL_VERIFIED
BIE_RE_TEMP_005.zip,BIE-RE-TEMP-005,TEMPORAL,GOVERNED_EXTENSION_AFTER_RE_TEMP_003,06e31f93aa97d8038aca1f2218de892e990b49f938be05bcf08d54daca7e346a,backups/ingested/BIE_RE_TEMP_005.zip,bie/reasoning/duration_reasoning.py,cc32868dfe74f3759af851b2b8d38e022755d6f5357f59c4121db09369fbc293,tests/reasoning/test_duration_reasoning.py,db54e4af25c2fe9a7935e79ecbb0aa1aaf9fdc8bc8f6db0d41cca4ddf13e355f,7,0,0,0,6,False,CANONICAL_LOCAL_VERIFIED
BIE_RE_TEMP_006.zip,BIE-RE-TEMP-006,TEMPORAL,GOVERNED_EXTENSION_AFTER_RE_TEMP_003,53e1c8dabe5c1255cf962ca2cd9be829056081d6dcc8680b9f31b2fa18537b01,backups/ingested/BIE_RE_TEMP_006.zip,bie/reasoning/temporal_constraint_reasoning.py,9602a2617f8f4b06d19f900f97f8cc924b8d120c5610b1044c7a16a29c5e688f,tests/reasoning/test_temporal_constraint_reasoning.py,3e69edc4ea24a001c7e7fe9f354d4ade14eb7a2f1f6324175a5f73807f9eecac,5,0,0,0,6,False,CANONICAL_LOCAL_VERIFIED
BIE_RE_TEMP_007.zip,BIE-RE-TEMP-007,TEMPORAL,GOVERNED_EXTENSION_AFTER_RE_TEMP_003,95b62dab5f9d79a703df2b67d90174c615bf4954a4881acbe63ffd435b8eed5a,backups/ingested/BIE_RE_TEMP_007.zip,bie/reasoning/temporal_evidence_reasoning.py,f211e8784618c93978dfbb3138099cc2c46c25883ec65837c37e094515117de2,tests/reasoning/test_temporal_evidence_reasoning.py,4c64818aceeee1337d58f73a3a772f686b6d7eaa6659358f14592832353f02bf,5,0,0,0,6,False,CANONICAL_LOCAL_VERIFIED
BIE_RE_TEMP_008.zip,BIE-RE-TEMP-008,TEMPORAL,GOVERNED_EXTENSION_AFTER_RE_TEMP_003,589d2cb7cc9fcf39ee21af426efca069fdebfd3dfbd5e5aa10bd5a717323621f,backups/ingested/BIE_RE_TEMP_008.zip,bie/reasoning/temporal_query_reasoning.py,2d77a494086afba83528fd1a721596e9bff214a88d71f9a40abff2fa737c7503,tests/reasoning/test_temporal_query_reasoning.py,785aa377014454ca91aabe4a5fee2a82ae54c408a3294b38f2928fb33b0f7756,5,0,0,0,6,False,CANONICAL_LOCAL_VERIFIED
BIE_RE_TEMP_009.zip,BIE-RE-TEMP-009,TEMPORAL,GOVERNED_TEMPORAL_EXTENSION,1c2abdd38e52132c9229b770f9ba3817ac3e44aa3f29824a675ad36a7b989075,backups/ingested/BIE_RE_TEMP_009.zip,bie/reasoning/relative_temporal_reasoning.py,589b118d5ef1af6f0aaf0b4787b1f82b26deed7bb79ef16fd4296a0ef810fadf,tests/reasoning/test_relative_temporal_reasoning.py,f95ab64f02df3cd42c93c9f31122c0bf44e5d8b3344715cbb43691190279fe78,5,0,0,0,6,False,CANONICAL_LOCAL_VERIFIED
BIE_RE_TEMP_010.zip,BIE-RE-TEMP-010,TEMPORAL,GOVERNED_TEMPORAL_EXTENSION,149bdc444161530a92ed6d5e4f5ca76f46cb6eaf0e1b45e80b7dc1265e60252b,backups/ingested/BIE_RE_TEMP_010.zip,bie/reasoning/temporal_recurrence_reasoning.py,b81420cd0c393845b502f8fc35220efcd002086e1bdb047855cd3285cbdd7fd0,tests/reasoning/test_temporal_recurrence_reasoning.py,2ad955067065a98a34c739dd5d3f711c349a9a016fd709b1c955e800dd3c93e2,5,0,0,0,6,False,CANONICAL_LOCAL_VERIFIED
BIE_RE_TEMP_011.zip,BIE-RE-TEMP-011,TEMPORAL,GOVERNED_TEMPORAL_EXTENSION,3e23748621d97eb7bab6cba62d910db4c0cbd26c2e0daaf4a4cd78e0150d4b05,backups/ingested/BIE_RE_TEMP_011.zip,bie/reasoning/temporal_scheme_alignment.py,e35a4175c43e85ac62553003c6f8dcf44e43e0766d24ced34fb38226635b28ac,tests/reasoning/test_temporal_scheme_alignment.py,f3aef273fab3279839e5206bbd99dd556e4c26e436c61d37f476ebed2143ef83,5,0,0,0,6,False,CANONICAL_LOCAL_VERIFIED
BIE_RE_TEMP_012.zip,BIE-RE-TEMP-012,TEMPORAL,GOVERNED_TEMPORAL_EXTENSION,b3778d4a7be233af0dea3d2dcab504fe36ae405bfdbe7cdaeb0923ef5efd6915,backups/ingested/BIE_RE_TEMP_012.zip,bie/reasoning/temporal_granularity_reasoning.py,84c04b2dfee9138afdeb6b96ae94f558269b78f576c155015df1a20a14678f2f,tests/reasoning/test_temporal_granularity_reasoning.py,62c4dc069a4c6b56ec16418e90de47afd308e2ce385189fbcc28d52c2a165fd9,5,0,0,0,6,False,CANONICAL_LOCAL_VERIFIED
BIE_RE_TEMP_013.zip,BIE-RE-TEMP-013,TEMPORAL,GOVERNED_TEMPORAL_EXTENSION,116c4500e06832d472471caaf70ce67716cd9561355258ed4a3a3ba3794ae2bc,backups/ingested/BIE_RE_TEMP_013.zip,bie/reasoning/temporal_synthesis_reasoning.py,640ad0234503677cbca34a899ed61db94a82bd6cb760fe4e9d9d7bf6048d7f49,tests/reasoning/test_temporal_synthesis_reasoning.py,afa818f9fb42a544a148333203f9444ba52b1823054f11a4ba7d99fddeb8c038,5,0,0,0,6,True,CANONICAL_LOCAL_VERIFIED
BIE_RE_TEMP_014.zip,BIE-RE-TEMP-014,TEMPORAL,GOVERNED_TEMPORAL_EXTENSION,c7246ae30065601e191217a4afc03b98e426678349b9c6161f10c708d485528b,backups/ingested/BIE_RE_TEMP_014.zip,bie/reasoning/temporal_window_reasoning.py,dafd1496cc18329f3ae9cdceac3a63c628c60671c32214351ab857686edb1004,tests/reasoning/test_temporal_window_reasoning.py,2176244425711b2b52446a32df5d18928d0a7e134b0350800d7b762cbc9b4412,5,0,0,0,6,False,CANONICAL_LOCAL_VERIFIED
BIE_RE_TEMP_015.zip,BIE-RE-TEMP-015,TEMPORAL,GOVERNED_TEMPORAL_EXTENSION,c39bd2dbf3e8bbb679112d335c00425271f7e356e8415a4f7ffad52c9cab3762,backups/ingested/BIE_RE_TEMP_015.zip,bie/reasoning/temporal_state_reasoning.py,1b251fdbe925f0755a7ab7cd058e7a0c61023d26f5f20b05187be030253a2adf,tests/reasoning/test_temporal_state_reasoning.py,e6d03e4d17f4c3d5e9595c7b2c3c42c74716ea9e1525a7d417269806488ff1d5,5,0,0,0,6,False,CANONICAL_LOCAL_VERIFIED
BIE_RE_TEMP_016.zip,BIE-RE-TEMP-016,TEMPORAL,GOVERNED_TEMPORAL_EXTENSION,bbc2c9be7974b46cd93ce2258bc6b01014b8d3c07f657e4f10af274acd0e5bae,backups/ingested/BIE_RE_TEMP_016.zip,bie/reasoning/temporal_deadline_reasoning.py,4e59cc2a7d459ef33921209792b0cead8d65cfd4d82190b552b64f9374f18c2a,tests/reasoning/test_temporal_deadline_reasoning.py,79109eaf52586c487df82974ccb5cdbdae33641b8727a303fb6a1f19376cb8fa,5,0,0,0,6,False,CANONICAL_LOCAL_VERIFIED
BIE_RE_TEMP_017.zip,BIE-RE-TEMP-017,TEMPORAL,GOVERNED_TEMPORAL_EXTENSION,e1053f0ad33850a3680164aec7db3ca3e4f67e685bc0f5f1e1d02edcdb30b02d,backups/ingested/BIE_RE_TEMP_017.zip,bie/reasoning/temporal_lineage_reasoning.py,0aee4aba75659000ea416cd4569d0563b83a14877055882efa9175b5cbff4896,tests/reasoning/test_temporal_lineage_reasoning.py,627e4c0f7a5a9ec6a338e53cac6edbc08e9a811779d57a5b0ddcb99923a80f74,5,0,0,0,6,False,CANONICAL_LOCAL_VERIFIED
BIE_RE_TEMP_018.zip,BIE-RE-TEMP-018,TEMPORAL,GOVERNED_TEMPORAL_EXTENSION,80ee62ea2def82fb13994bf737944c61031e5b559cdee18e97d3d9392d762272,backups/ingested/BIE_RE_TEMP_018.zip,bie/reasoning/temporal_reasoning_engine.py,8b9d7a40b33a8e9315a0baf37d6330fbe73d7f4d37fe39c7d48e5348a1f560b6,tests/reasoning/test_temporal_reasoning_engine.py,31cc74d51840ac20567eaaafcc484640b58263d66ddff3a28b43dd35f46e95e0,5,0,0,0,6,True,CANONICAL_LOCAL_VERIFIED
BIE_RE_TEMP_019.zip,BIE-RE-TEMP-019,TEMPORAL,GOVERNED_TEMPORAL_EXTENSION,07e67ba17a14946f117974c89bff5296268bdef72abbb14037d3087bfd3c0efb,backups/ingested/BIE_RE_TEMP_019.zip,bie/reasoning/temporal_hypothesis_reconciliation.py,903e799c55a16c49b6675843855c0a37c3c379d5ea991dbb86bc1030ae4f3bcd,tests/reasoning/test_re_temp_019.py,730c4f050fcd19cce8a5c1d44845c06c51371275e39b710e3a00894ba07f0729,7,0,0,0,6,False,CANONICAL_LOCAL_VERIFIED
BIE_RE_TEMP_020.zip,BIE-RE-TEMP-020,TEMPORAL,GOVERNED_TEMPORAL_EXTENSION,8d246ab06f680d2f0ac49d47fd4da2b4b27d00325245f7a742ca71cb9ec54788,backups/ingested/BIE_RE_TEMP_020.zip,bie/reasoning/temporal_counterfactual_guard.py,3c6af88bd472ac19829a8768cd0436fb40c033cdc4632def3449d9cc39147a13,tests/reasoning/test_re_temp_020.py,57972e6aa8c66890c9de0dec4909fca2fa72f37a1637f3794495d62673be1513,4,0,0,0,6,False,CANONICAL_LOCAL_VERIFIED
BIE_RE_TEMP_021.zip,BIE-RE-TEMP-021,TEMPORAL,GOVERNED_TEMPORAL_EXTENSION,9dc60a08a8531756248f660bad6d5d2bfe5a7a562b2e8df88634df162f75c4d4,backups/ingested/BIE_RE_TEMP_021.zip,bie/reasoning/temporal_scope_reasoning.py,6c7167e2fba4ca40a1dcfe3e16d248c0fcdee0dded359e987bb97fc3028c1bb8,tests/reasoning/test_re_temp_021.py,03fc33c352e1b41f6d431d11a8d058dd828bfb6a0ec6c0bfaf1d1ba237e64d28,5,0,0,0,6,False,CANONICAL_LOCAL_VERIFIED
BIE_RE_TEMP_022.zip,BIE-RE-TEMP-022,TEMPORAL,GOVERNED_TEMPORAL_EXTENSION,389fa9281b590a98af58685c293e974c777c43b87027f57cd1de3026832645be,backups/ingested/BIE_RE_TEMP_022.zip,bie/reasoning/temporal_missing_event_reasoning.py,0a88bcd54b93cd4030c85b1b6797c7f7f9ae24d3bde45c19bdc9edb63fafa3c9,tests/reasoning/test_re_temp_022.py,fc3aae0dbceaa8d2845a055b0a294c1963e8828f068f55abe9d7c932b17469c8,5,0,0,0,6,False,CANONICAL_LOCAL_VERIFIED
BIE_RE_TEMP_023.zip,BIE-RE-TEMP-023,TEMPORAL,GOVERNED_TEMPORAL_EXTENSION,345056af0abd602a63708cc228bae64edc6794060e5a02a3d4fb477eded0e73e,backups/ingested/BIE_RE_TEMP_023.zip,bie/reasoning/temporal_revision_reasoning.py,46ed96e20a900fa0f43cb6011ac9e1464e740bbd2526beb5bf146218bba3996e,tests/reasoning/test_re_temp_023.py,5567a7bf294bbcf8d0730158322d69170ff94581b270f9d4cfe9f625d9e1a88c,4,0,0,0,6,False,CANONICAL_LOCAL_VERIFIED
BIE_RE_TEMP_024.zip,BIE-RE-TEMP-024,TEMPORAL,GOVERNED_TEMPORAL_EXTENSION,ea393483e99a2d950942a4a14bff9bcfc1e12c1ce5e80aa72ca3e615450a32b1,backups/ingested/BIE_RE_TEMP_024.zip,bie/reasoning/temporal_abstention_policy.py,d2111b44e7b5f80bbfa186779e454fd941a537bb52fb531ca9a9c574395ad371,tests/reasoning/test_re_temp_024.py,76b9de97fe5e7374975c55f0bad4fe4cdff21362372dd242ffd2cc1a63f58c91,6,0,0,0,6,False,CANONICAL_LOCAL_VERIFIED
BIE_RE_TEMP_025.zip,BIE-RE-TEMP-025,TEMPORAL,GOVERNED_TEMPORAL_EXTENSION,324dee4f9d2ffccd9cb53a4ec8956ed5ea2ee4028dfb00e1e365dfea5f39506a,backups/ingested/BIE_RE_TEMP_025.zip,bie/reasoning/temporal_calendar_normalization.py,ac7be8c40b3a70895fbc324305f1630b020c2c89dc22f3752bd3b2a7f9c16c4d,tests/reasoning/test_re_temp_025.py,cee2a1ad37832b1252b85c0edfd2d9e28091ba2dcf78f1ff40da46cf450c7e3b,5,0,0,0,6,False,CANONICAL_LOCAL_VERIFIED
BIE_RE_TEMP_026.zip,BIE-RE-TEMP-026,TEMPORAL,GOVERNED_TEMPORAL_EXTENSION,355eb78fed299a32ffe3d3843cd7f12c257c6da7cbfceadd1b12f522be183230,backups/ingested/BIE_RE_TEMP_026.zip,bie/reasoning/temporal_timezone_reasoning.py,5e2e9f50e132bdc269bb74046d797a79fc4225c84bd6803dae059498ef703e1f,tests/reasoning/test_re_temp_026.py,c63489479921d84efbf6628b26c28a76bbd00285c50f045b0efd14c849cdec08,4,0,0,0,6,False,CANONICAL_LOCAL_VERIFIED
BIE_RE_TEMP_027.zip,BIE-RE-TEMP-027,TEMPORAL,GOVERNED_TEMPORAL_EXTENSION,9512230ceb96f3b8ef66381e62b5c7b6ba34d528d25ed4a5d910bf1063899256,backups/ingested/BIE_RE_TEMP_027.zip,bie/reasoning/temporal_fuzzy_expression.py,d1cd442293fb33577caa3ba977b6b78d38517f7231a99abcc5bb9b114e35c9a8,tests/reasoning/test_re_temp_027.py,bb505d34cb270c95c1e97cfe4eb725b4d29ababf9e127dfd7e0493f1dce654e2,5,0,0,0,6,False,CANONICAL_LOCAL_VERIFIED
BIE_RE_TEMP_028.zip,BIE-RE-TEMP-028,TEMPORAL,GOVERNED_TEMPORAL_EXTENSION,09cb51f9bec350884b28dc6a35861b4e4fbf15acab25337ecfe3d731b7893b4f,backups/ingested/BIE_RE_TEMP_028.zip,bie/reasoning/temporal_provenance_merge.py,536b6b085c481e0036eb9ce06f739155fda907b5651c63487d551b05c14aadda,tests/reasoning/test_re_temp_028.py,e1f2baf13a12edb3ffa91d263a56000173e58de5c6c9dab4b93069ac8c9237a4,4,0,0,0,6,False,CANONICAL_LOCAL_VERIFIED
BIE_RE_TEMP_029.zip,BIE-RE-TEMP-029,TEMPORAL,GOVERNED_TEMPORAL_EXTENSION,664d578df0a1849aa6f3303c0ff14c6d8ae82cba8b27f62a9e91b7f6b782bb74,backups/ingested/BIE_RE_TEMP_029.zip,bie/reasoning/temporal_consistency_audit.py,24e7b9396d8f3da3ddbedff38870404084711c4f4f55aa6af10b3f6e9d9cdd03,tests/reasoning/test_re_temp_029.py,909cfa21c8bd1b45184c280af451a8301c7e4e42c6d1658b75c404e2b29123a7,4,0,0,0,6,False,CANONICAL_LOCAL_VERIFIED
BIE_RE_TEMP_030.zip,BIE-RE-TEMP-030,TEMPORAL,GOVERNED_TEMPORAL_EXTENSION,ed29b204e0c7f2737a7e6cbe7beaddae8f374e006c0773fa116b021ee3db3e13,backups/ingested/BIE_RE_TEMP_030.zip,bie/reasoning/temporal_multi_scale_reasoning.py,5d67f5e6a265ddd6088de9ec6b8d09ded31e16b1bb90208ba28e74ba004ae2e0,tests/reasoning/test_re_temp_030.py,6bed1b5fc910677d6b570ccea78001477416c64ce22eb3185eee82dd09e6a268,4,0,0,0,6,False,CANONICAL_LOCAL_VERIFIED
BIE_RE_TEMP_031.zip,BIE-RE-TEMP-031,TEMPORAL,GOVERNED_TEMPORAL_EXTENSION,a95a7b6c9aad02f1d2f87900c5fb5719127cfd49f8895c8ca51723c432bebecc,backups/ingested/BIE_RE_TEMP_031.zip,bie/reasoning/temporal_dependency_scheduler.py,1b9b18e227c405a7802d088550c03074a83e724f286615bbfe98f98e72a24e09,tests/reasoning/test_re_temp_031.py,89e1a2c3b0a7be415f3184603e5a60a3fc453dba6d535c6049a9ffd31d8ded6c,4,0,0,0,6,False,CANONICAL_LOCAL_VERIFIED
BIE_RE_TEMP_032.zip,BIE-RE-TEMP-032,TEMPORAL,GOVERNED_TEMPORAL_EXTENSION,3c17b76cdc7e501274a3f0ac762cd19681e4388f7fff53e3b0e8eec20ae08832,backups/ingested/BIE_RE_TEMP_032.zip,bie/reasoning/temporal_change_point_reasoning.py,318efbe4f629abd2205953a1dca8cd91093019b7f24743ba5370024979dae09a,tests/reasoning/test_re_temp_032.py,7d5a7a13a9311be515f563d70e0e9022778bc5d82cb5b905ab827c306b7c0456,5,0,0,0,6,False,CANONICAL_LOCAL_VERIFIED
BIE_RE_TEMP_033.zip,BIE-RE-TEMP-033,TEMPORAL,GOVERNED_TEMPORAL_EXTENSION,bd702344ef63b5d9b5332ab59b7f44178a74bae741809bcbce0d8bb2a2bba863,backups/ingested/BIE_RE_TEMP_033.zip,bie/reasoning/temporal_query_plan.py,e5f9b61b35eb38d9c5aee8581f6b939a693555423b449004a1c8cfea3fe9129e,tests/reasoning/test_re_temp_033.py,435e338ef055d5bcbd25d203ea056aabc30c4e11577a1383a173104d60af58af,4,0,0,0,6,False,CANONICAL_LOCAL_VERIFIED
BIE_RE_TEMP_034.zip,BIE-RE-TEMP-034,TEMPORAL,GOVERNED_TEMPORAL_EXTENSION,e29354aa9ee2dca2efc00cc828d546e04fb7c9d1971d439d6fbb5341270f39e7,backups/ingested/BIE_RE_TEMP_034.zip,bie/reasoning/temporal_quality_gate.py,defdd457be44a4f73086c1293fdb23a5e706e6b8884ba151a736edb673a3631a,tests/reasoning/test_re_temp_034.py,8f672a5dd8db983d9b59d5db3b2669f7c7374d79d78e5051fc8def484f537f84,5,0,0,0,6,False,CANONICAL_LOCAL_VERIFIED
BIE_RE_TEMP_035.zip,BIE-RE-TEMP-035,TEMPORAL,MUST-HAVE HARDENING,eb659753c4502cda107c114b4ed9fdda35868b62a293f5c875ee91c9456ea835,backups/ingested/BIE_RE_TEMP_035.zip,bie/reasoning/temporal_relative_anchor_resolution.py,b567f264053024a004e6f66b1905adc3c13d808df8531291f6ac10a858f3b4dd,tests/reasoning/test_re_temp_035.py,3b62ccee11f5c43f7154d7e486f180c7dc715e4b0b18a04f6a23a62677ea5e71,5,0,0,0,6,False,CANONICAL_LOCAL_VERIFIED
BIE_RE_TEMP_036.zip,BIE-RE-TEMP-036,TEMPORAL,MUST-HAVE HARDENING,cef80b0e980c528ba21235f5906b3948f558c8e26f705a54128877941f3f300a,backups/ingested/BIE_RE_TEMP_036.zip,bie/reasoning/temporal_nested_interval_reasoning.py,31d280aa9586d702027d229afef87904c3c60694f47e3dc08191b9eec9fbd13a,tests/reasoning/test_re_temp_036.py,a437491e1439356b2e3cd9f42349186ee8b58bb8f3079620458e78e7dbdf2a26,6,0,0,0,6,False,CANONICAL_LOCAL_VERIFIED
BIE_RE_TEMP_037.zip,BIE-RE-TEMP-037,TEMPORAL,MUST-HAVE HARDENING,d3ff894ad58642fac1cc21ffc55d73fbce3077e3d719761f2c1544761ea1cac0,backups/ingested/BIE_RE_TEMP_037.zip,bie/reasoning/temporal_causal_order_guard.py,12c72201c14a266c9d5c76cd72a3c14519b598d8e02e1d0269785332d7319677,tests/reasoning/test_re_temp_037.py,879d5d139a98e4556514393378da95b826d24095280fb809673bd2677dfefcc8,4,0,0,0,6,False,CANONICAL_LOCAL_VERIFIED
BIE_RE_TEMP_038.zip,BIE-RE-TEMP-038,TEMPORAL,MUST-HAVE HARDENING,0b375abc09f435ed8bc0bde913a39fb5af189e0584599ead2386e1ff7c104f28,backups/ingested/BIE_RE_TEMP_038.zip,bie/reasoning/temporal_derived_lineage.py,eabb9203c46ac694ad853451dbd12a33a423b5f4ee1b1e29e733f14f8e0a90e8,tests/reasoning/test_re_temp_038.py,f09d9809165e44b4158beea67c881bf111e0ea601deff0f0a9f20b04f2805acb,4,0,0,0,6,False,CANONICAL_LOCAL_VERIFIED
BIE_RE_TEMP_039.zip,BIE-RE-TEMP-039,TEMPORAL,MUST-HAVE HARDENING,528afffeb36b6e42c8447a2ae67b28da6437bcba476b11ee11fbd729b09f221a,backups/ingested/BIE_RE_TEMP_039.zip,bie/reasoning/temporal_iterator_safety.py,c7851459f6f6000a8ce22d399a3c727ba0cb68d5f67fd5fd2a24bef3ceb1ef13,tests/reasoning/test_re_temp_039.py,5235aaf591b674ebe424d3d5c3bd773cfbfe2bb0a06f4e552400a99b0ba51427,4,0,0,0,6,False,CANONICAL_LOCAL_VERIFIED
BIE_RE_TEMP_040.zip,BIE-RE-TEMP-040,TEMPORAL,MUST-HAVE HARDENING,f749c3385c6917b18db85356898a1c9c7b8c381f550d5eb74c51bb3a91d962c2,backups/ingested/BIE_RE_TEMP_040.zip,bie/reasoning/temporal_precision_compatibility.py,facb725d181c6951e1d9cc1c3144ea536325e07f9254dc4d5293c04fdef548fe,tests/reasoning/test_re_temp_040.py,57512a06bec973e61dc9fab4b74a01a5a5136a58af9007335148c9bf4bc89fb2,4,0,0,0,6,False,CANONICAL_LOCAL_VERIFIED
BIE_RE_TEMP_041.zip,BIE-RE-TEMP-041,TEMPORAL,MUST-HAVE HARDENING,eca91beb4fb9d9532ec508c1cf598b723602a73ac505d56c9bf2c62333a536f6,backups/ingested/BIE_RE_TEMP_041.zip,bie/reasoning/temporal_evidence_conflict_matrix.py,674e874b48f01dae48c444ada46302cf557849d6815f23e3094d53b135f1d154,tests/reasoning/test_re_temp_041.py,2f1830b5940fd0e72e620638887cca6c375d4a28c51a43209f77da399210442b,4,0,0,0,6,False,CANONICAL_LOCAL_VERIFIED
BIE_RE_TEMP_042.zip,BIE-RE-TEMP-042,TEMPORAL,MUST-HAVE HARDENING,beea93a0dc21804e3f748c44c6845813ea39d8914a265d4a753724c493ce51a6,backups/ingested/BIE_RE_TEMP_042.zip,bie/reasoning/temporal_dependency_invalidation.py,58d578de53d29e18a39a7ac6f187b17de941b2a99891941348aba4008f2b96d2,tests/reasoning/test_re_temp_042.py,faff9344fffc765361e8c5e0b3e421a853da2419083f8b089d21f81417531bba,4,0,0,0,6,False,CANONICAL_LOCAL_VERIFIED
BIE_RE_TEMP_043.zip,BIE-RE-TEMP-043,TEMPORAL,MUST-HAVE HARDENING,649dc71d68d8f94d7a9ff9b1012c4e38179d0fa63c061e7820744d7e2a6dc510,backups/ingested/BIE_RE_TEMP_043.zip,bie/reasoning/temporal_reproducibility_fingerprint.py,e7dda2493add50177524e9e0fbba4262b5923f24bdbe9d1ed5aa463fe948b3a1,tests/reasoning/test_re_temp_043.py,0ab4abead7dc7821d1aca803eb32d839c258c9015da9f3b8173ed9c1c05552f2,4,0,0,0,6,False,CANONICAL_LOCAL_VERIFIED
BIE_RE_TEMP_044.zip,BIE-RE-TEMP-044,TEMPORAL,MUST-HAVE HARDENING,fabe2fbb242ccde0a8a8353daae46a2586393dac0da332a8441f49cfd32f0dff,backups/ingested/BIE_RE_TEMP_044.zip,bie/reasoning/temporal_section_readiness.py,07af2e3d4e9a47578a345a98119047b9b3ae11d8ff8659dd1f9489c2c64b9c71,tests/reasoning/test_re_temp_044.py,20fda9475569a26c12f4b53b9a574863883a718d972bf289704c9d904c4c7540,4,0,0,0,6,False,CANONICAL_LOCAL_VERIFIED
BIE_RE_TEMP_045.zip,BIE-RE-TEMP-045,TEMPORAL,MUST-HAVE SECTION-COMPLETION HARDENING,dc3255009fc91e5c3055931e4ce2eb772682c7a85541ee2bf06146c121562065,backups/ingested/BIE_RE_TEMP_045.zip,bie/reasoning/temporal_uncertainty_chain.py,c4c8875a161a459048568eca8875c0063f7fd96836c400e5031ca57703e85a0a,tests/reasoning/test_re_temp_045.py,1d06afea1d150d1fe564438fd6f016c1fbed0dae1be578bb09062c954cda5e5f,5,0,0,0,6,False,CANONICAL_LOCAL_VERIFIED
BIE_RE_TEMP_046.zip,BIE-RE-TEMP-046,TEMPORAL,MUST-HAVE SECTION-COMPLETION HARDENING,58929f98a68e7ba44d9d24484909f70d0c2e3a15507ab15c1450228486f6b209,backups/ingested/BIE_RE_TEMP_046.zip,bie/reasoning/temporal_contradiction_witness.py,74ca0214f28fbe83742148f159caebbf1eedaad7614cc87d645940ab36603130,tests/reasoning/test_re_temp_046.py,85b0fd699c821aa508c1b9ef55091bebd5f0273fe8a188289311d68e33c4193a,5,0,0,0,6,False,CANONICAL_LOCAL_VERIFIED
BIE_RE_TEMP_047.zip,BIE-RE-TEMP-047,TEMPORAL,MUST-HAVE SECTION-COMPLETION HARDENING,49e1dbf19225678ee5deb26990323ac3cf4dc917f96e2ad55110092f9f771a38,backups/ingested/BIE_RE_TEMP_047.zip,bie/reasoning/temporal_result_contract.py,d1b25213afa6805f7c3681fdf44cd4f3a62b4c95a114e1ea43818dae15df192a,tests/reasoning/test_re_temp_047.py,24ebc3ad2beff5fea9c59170aaaed7dc584f2ec088e8f0a017e5b59192695b73,5,0,0,0,6,False,CANONICAL_LOCAL_VERIFIED
BIE_RE_TEMP_048.zip,BIE-RE-TEMP-048,TEMPORAL,MUST-HAVE SECTION-COMPLETION HARDENING,8f52345fb06c75333622a61aedf4cac4ddb7a6452a2a327ad47e1c6dbb810b4a,backups/ingested/BIE_RE_TEMP_048.zip,bie/reasoning/temporal_realbook_fixture_harness.py,f1db61282a3ac6df168f62e8b5899985fe42ac6ec4332f093a36dc5ed6223332,tests/reasoning/test_re_temp_048.py,bfdd8691b7896fcc215c3c8effe851abcce064605d90011126ec32744bdea32a,4,0,0,0,6,False,CANONICAL_LOCAL_VERIFIED
BIE_RE_TEMP_049.zip,BIE-RE-TEMP-049,TEMPORAL,MUST-HAVE SECTION-COMPLETION HARDENING,97618ef6fb7f5b3423f3dac40126a5b67d915cbce6b28e65fb0ca5517e7c7ace,backups/ingested/BIE_RE_TEMP_049.zip,bie/reasoning/temporal_integration_contract.py,7b11ac23c59bab07c8707a5d2b78b1673431d069677a10a309cfd0f07609339d,tests/reasoning/test_re_temp_049.py,84c6e547141bdf1201107a95c843ec73fe3f09fc0a2696d73bb83eb61165abb3,5,0,0,0,6,False,CANONICAL_LOCAL_VERIFIED
BIE_RE_TEMP_050.zip,BIE-RE-TEMP-050,TEMPORAL,MUST-HAVE INTEGRATION HARDENING,75cb7913cb92e8da97bb82f71a008f00409f5a93347660753030e1abc0584a66,backups/ingested/BIE_RE_TEMP_050.zip,bie/reasoning/temporal_canonical_namespace_migration.py,a314638362ef56232d0dd70cd653d91d0f38b7e697bfd08218dca7b66076e4cd,tests/reasoning/test_re_temp_050.py,be9eacabdbfd048c2bad70ba7f8e5f75fb1b1e47826f345ce8239886cd8e0074,3,0,0,0,6,False,CANONICAL_LOCAL_VERIFIED
BIE_RE_TEMP_051.zip,BIE-RE-TEMP-051,TEMPORAL,MUST-HAVE INTEGRATION HARDENING,26c217d42cd08996c31c4460c6eabf777c8e914d4cec7100eec0833308c0761c,backups/ingested/BIE_RE_TEMP_051.zip,bie/reasoning/temporal_test_runner_compatibility.py,180b11bb302549870deb56dd94f7e818619126f89ca11763b857981bc94c1a90,tests/reasoning/test_re_temp_051.py,fd69ab8a5e9768db49bb752d8b2c73225cfa0686dbaa9b4bed74daf7494b66c4,3,0,0,0,6,False,CANONICAL_LOCAL_VERIFIED
BIE_RE_TEMP_052.zip,BIE-RE-TEMP-052,TEMPORAL,MUST-HAVE INTEGRATION HARDENING,248eb902c0ca894460f1b459efbadc5407208b52a10b5981f8422b49965421e0,backups/ingested/BIE_RE_TEMP_052.zip,bie/reasoning/temporal_package_inventory_audit.py,4e6418bc78c50ac65f552658eec47be176fa4cce8f6e135e4c19a8a050dbf27c,tests/reasoning/test_re_temp_052.py,62f9a24f1b89ed2afe84bc99776037f678b70a5c7f33a94ed6ab1eaa69be3920,3,0,0,0,6,False,CANONICAL_LOCAL_VERIFIED
BIE_RE_TEMP_053.zip,BIE-RE-TEMP-053,TEMPORAL,MUST-HAVE INTEGRATION HARDENING,73f15f8f27f1c442b335eeea3b15b40d6b44111f4b2b79405ddb8d827c46ba3b,backups/ingested/BIE_RE_TEMP_053.zip,bie/reasoning/temporal_import_rewrite.py,dddd89aec2ec6df84ff5688b658c8050997fd254891f5a5aa054f4e46ac5d719,tests/reasoning/test_re_temp_053.py,306b6ceb6d3421cf7bea185a7530df4014cbf48b7064b5c5cac6531d034cc8cf,3,0,0,0,6,False,CANONICAL_LOCAL_VERIFIED
BIE_RE_TEMP_054.zip,BIE-RE-TEMP-054,TEMPORAL,MUST-HAVE INTEGRATION HARDENING,3fc9157ac5ce8427a38e086b15270e310b9d9c5969efef5557277df894d4a95d,backups/ingested/BIE_RE_TEMP_054.zip,bie/reasoning/temporal_integration_exit_gate.py,354f0dc44a39aa251f28bb9bf0505ef6ab6d9a46d25572878f3c802b5047901c,tests/reasoning/test_re_temp_054.py,cba0ae82c0cb2dfcee87e8154bb5565350a3a17dbd443714cd550e1f6e815c1b,3,0,0,0,6,False,CANONICAL_LOCAL_VERIFIED
BIE_RE_TEMP_055.zip,BIE-RE-TEMP-055,TEMPORAL,MUST-HAVE CANONICAL-INTEGRATION HARDENING,efbd76f0668a6452fa900c6d74ac7b90290f6c8ca8521bed3ea50387ffdfce46,backups/ingested/BIE_RE_TEMP_055.zip,bie/reasoning/temporal_unittest_bridge_014_018.py,b9ee56929609e8924dc2a5570569910335931e2eafc9d25ca77bf7fc8df1613e,tests/reasoning/test_re_temp_055.py,28e8a21d6d9fd6ea2324f3595b512bddd9198688016971f819847bd80c96270c,3,0,0,0,6,False,CANONICAL_LOCAL_VERIFIED
BIE_RE_TEMP_056.zip,BIE-RE-TEMP-056,TEMPORAL,MUST-HAVE CANONICAL-INTEGRATION HARDENING,f7e7dce248702d87533e02f58bf63413a60555152f2e729504582b8ceaafd252,backups/ingested/BIE_RE_TEMP_056.zip,bie/reasoning/temporal_migration_manifest.py,e0884657cc122240693ab292aed5235ab09188fa2795c29b5cff117208dc8adf,tests/reasoning/test_re_temp_056.py,ea4a299a06a92b1ff6d135a52e19ea98ac53573a3f00ac2682618c8c2000a747,4,0,0,0,6,False,CANONICAL_LOCAL_VERIFIED
BIE_RE_TEMP_057.zip,BIE-RE-TEMP-057,TEMPORAL,MUST-HAVE CANONICAL-INTEGRATION HARDENING,e4e2463891b637874a702450f3a842451fe70f2a98245525d296164d49a96758,backups/ingested/BIE_RE_TEMP_057.zip,bie/reasoning/temporal_collision_guard.py,82360046346a9129836ff89069a97a20b153c7bc7c7c3175269f102b831d9e0e,tests/reasoning/test_re_temp_057.py,3368e4bfcbe42e848164e9454734b0d4c842ea279a8ac4afe614ed8d15423d3a,4,0,0,0,6,False,CANONICAL_LOCAL_VERIFIED
BIE_RE_TEMP_058.zip,BIE-RE-TEMP-058,TEMPORAL,MUST-HAVE CANONICAL-INTEGRATION HARDENING,161b437f76a2b1d25f4420b4cfe20107a313161a21412e5a41a05e1f2d0a66bb,backups/ingested/BIE_RE_TEMP_058.zip,bie/reasoning/temporal_staged_regression_plan.py,b43c45781ee0fe786f2565cfae2d80d098b99f45d9905048c1f2748ba1cec495,tests/reasoning/test_re_temp_058.py,ed3f2db5137e313fc51a79f3f9a67435341d0a2ab13ea4b3b1c21c3fb4c017cc,4,0,0,0,6,False,CANONICAL_LOCAL_VERIFIED
BIE_RE_TEMP_059.zip,BIE-RE-TEMP-059,TEMPORAL,MUST-HAVE CANONICAL-INTEGRATION HARDENING,2903867df6d9f31544c735c54e450649a7568b736b16d6e3a8bb008a333f3a9a,backups/ingested/BIE_RE_TEMP_059.zip,bie/reasoning/temporal_integration_bundle_validator.py,1c73716978585f4f0dc366068ce3f0c65fe32c7f51341aa5c4185e890d911a1b,tests/reasoning/test_re_temp_059.py,b679ea32afe3e5b2ca6116bf5fd65b7cb80ff47cb461471bcaecc504019d5932,4,0,0,0,6,False,CANONICAL_LOCAL_VERIFIED
BIE_RE_UNC_HARD_001.zip,BIE-RE-UNC-HARD-001,RE_QA_HARDENING,ENTERPRISE HARDENING ADDITION,5f3ed88213ac40d689e2d8ad5bc8ac70baa11e73bdfda784f8cd27cee24a2cdc,backups/ingested/BIE_RE_UNC_HARD_001.zip,bie/reasoning/structured_uncertainty.py,204dd1e575616f45e7acac85db90cbae764ae349ded02d1869fa0d62fda3e025,tests/reasoning/test_unc_hard_001.py,801b284a848623fb1afb363d2b506470a436af5065b7083a2d676d0cedc62406,4,0,0,0,7,True,CANONICAL_LOCAL_VERIFIED
BIE_RE_UNC_HARD_002.zip,BIE-RE-UNC-HARD-002,RE_QA_HARDENING,ENTERPRISE HARDENING ADDITION,e163b565c117f8f0983cd8c315b5d3926ddda95ccd92e5290a36ae7270034853,backups/ingested/BIE_RE_UNC_HARD_002.zip,bie/reasoning/calibration_diagnostics.py,1165eb5bf723db934034d19336075d465ba406ad53f7425a28860829cc31f4e2,tests/reasoning/test_unc_hard_002.py,d0e443d51629f9c6a2d0e728d0dc626a0c3b0ed1bd50a337c9396db89414d6a3,4,0,0,0,7,False,CANONICAL_LOCAL_VERIFIED
